0,214.471191247216,123.825,0
0.008,214.308767181548,124.159820493407,0
0.016,214.168762506778,124.501165246821,0
0.024,214.0509669713,124.847176822423,0
0.032,213.955030525677,125.196079219691,0
0.04,213.880514741702,125.546192574392,0
0.048,213.826886352455,125.895933610662,0
0.056,213.793530079066,126.243819557681,0
0.064,213.779759785558,126.588470343312,0
0.072,213.784828448636,126.928609708821,0
0.08,213.807937454416,127.263065534178,0
0.088,213.84825215882,127.590766288905,0
0.096,213.904890525324,127.910748246503,0
0.104,213.976959694842,128.222140943816,0
0.112,214.063538134686,128.524176853761,0
0.12,214.163698020035,128.816180336846,0
0.128,214.276506023122,129.097567179772,0
0.136,214.401030138617,129.367840125143,0
0.144,214.536343880167,129.626585989038,0
0.152,214.681533328351,129.873468837491,0
0.16,214.835694289449,130.108235158803,0
0.168,214.99795037245,130.330689924187,0
0.176,215.16744155263,130.540711961171,0
0.184,215.343333138359,130.738242231269,0
0.192,215.524819589134,130.923276005487,0
0.2,215.711124674563,131.095861483369,0
0.208,215.901503283279,131.256095289386,0
0.216,216.095242800094,131.404118164426,0
0.224,216.291664128328,131.540110843326,0
0.232,216.490122634387,131.664288307634,0
0.24,216.690007986864,131.776898556337,0
0.248,216.890744528191,131.878221090177,0
0.256,217.091791881171,131.968558604181,0
0.264,217.29264392593,132.048227725483,0
0.272,217.492829161237,132.117578561019,0
0.28,217.691908839124,132.176961352145,0
0.288,217.889478004505,132.226749619427,0
0.296,218.085163539755,132.267323249132,0
0.304,218.278623412327,132.299069555178,0
0.312,218.469546034558,132.322382288916,0
0.32,218.657648784207,132.33765798123,0
0.328,218.842676260036,132.345293095048,0
0.336,219.024402043568,132.345688912876,0
0.344,219.202623867471,132.339241185014,0
0.352,219.377163604448,132.326342359652,0
0.36,219.547866987684,132.307381827327,0
0.368,219.714602647937,132.282744617755,0
0.376,219.877258550821,132.252807137492,0
0.384,220.035743698188,132.217940328754,0
0.392,220.189983282009,132.178504554791,0
0.4,220.339920692259,132.134852831399,0
0.408,220.485516572517,132.087329941055,0
0.416,220.626747042538,132.036271016003,0
0.424,220.763598033397,131.981997997995,0
0.432,220.896072007169,131.924825369738,0
0.44,221.024182083239,131.865056065077,0
0.448,221.147950392704,131.802981375687,0
0.456,221.267413459231,131.738883964503,0
0.464,221.382611935108,131.673033188347,0
0.472,221.493595260395,131.605688121773,0
0.48,221.600421893716,131.537097647102,0
0.488,221.703158280742,131.467500013003,0
0.496,221.801869988372,131.397121422933,0
0.504,221.896634568697,131.326179115703,0
0.512,221.987530294435,131.254879334382,0
0.52,222.074638589296,131.183418420996,0
0.528,222.158047201419,131.111982955738,0
0.536,222.237843343543,131.040749885903,0
0.544,222.314116967627,130.969886949843,0
0.552,222.386961665612,130.899552491203,0
0.56,222.456465881025,130.829897331215,0
0.568,222.522726727811,130.761062283556,0
0.576,222.585837245929,130.693180813169,0
0.584,222.645889588863,130.626378973479,0
0.592,222.702978183075,130.560774318702,0
0.6,222.757193228124,130.496478624819,0
0.608,222.808627625684,130.433595049738,0
0.616,222.857369322709,130.372221965739,0
0.624,222.903507237319,130.31245009351,0
0.632,222.947128502469,130.254363913607,0
0.64,222.988316880246,130.198043023901,0
0.648,223.027152983474,130.143562431699,0
0.656,223.063716284553,130.090991143479,0
0.664,223.098085256595,130.040391777114,0
0.672,223.130333995926,129.991823629061,0
0.68,223.160533831073,129.945341555721,0
0.688,223.188752096676,129.900997439255,0
0.696,223.215054999019,129.85883717085,0
0.704,223.239505908909,129.818902301348,0
0.712,223.262162899024,129.781233310526,0
0.72,223.283080282658,129.745868177691,0
0.728,223.302311729579,129.712838104924,0
0.736,223.319907179074,129.682171405174,0
0.744,223.335910806206,129.653896866482,0
0.752,223.350365027681,129.62803798358,0
0.76,223.363307679457,129.60461723429,0
0.768,223.374773962309,129.583653079735,0
0.776,223.384796604559,129.565159485091,0
0.784,223.393399780402,129.54915668881,0
0.792,223.400606335797,129.53565893814,0
0.8,223.406440573611,129.524668865049,0
0.808,223.410919473256,129.516193373756,0
0.816,223.414046356674,129.51025620949,0
0.824,223.415843985553,129.506835514547,0
0.832,223.416339071664,129.505892446121,0
0.84,223.41720954352,129.504233293469,0
0.848,223.419400586965,129.500051384465,0
0.856,223.422918585042,129.49331950192,0
0.864,223.427747944241,129.484043422086,0
0.872,223.433875190464,129.472215952181,0
0.88,223.441291611612,129.457810879157,0
0.888,223.449967123437,129.440835619251,0
0.896,223.459889520598,129.4212514473,0
0.904,223.471031515043,129.399040230004,0
0.912,223.483354576654,129.374199138135,0
0.92,223.496831642487,129.346689674795,0
0.928,223.5114262701,129.316482826206,0
0.936,223.527092823931,129.283561129998,0
0.944,223.543790561192,129.247882747247,0
0.952,223.561466817338,129.209424888697,0
0.96,223.580070804353,129.168146266821,0
0.968,223.599543260872,129.124016672998,0
0.976,223.619822874322,129.076997607563,0
0.984,223.640843750027,129.027049227969,0
0.992,223.662534613487,128.974133891524,0
1,223.684820035853,128.918211039198,0
1.008,223.70761971302,128.859239611649,0
1.016,223.730848308657,128.797178845399,0
1.024,223.754415638761,128.731985751944,0
1.032,223.778225934523,128.663621836806,0
1.04,223.802178546285,128.592042772485,0
1.048,223.826167073798,128.517211137309,0
1.056,223.85007976537,128.43908760288,0
1.064,223.873798947164,128.357631789635,0
1.072,223.897201556487,128.272810953016,0
1.08,223.920158099996,128.184588393894,0
1.088,223.942533261989,128.092932794854,0
1.096,223.964186269912,127.9978182954,0
1.104,223.984968781702,127.899216183309,0
1.112,224.004727728417,127.79710801527,0
1.12,224.023302961683,127.691476456805,0
1.128,224.040528312679,127.582310094656,0
1.136,224.056229960508,127.469600136746,0
1.144,224.070229976979,127.35334908075,0
1.152,224.082342787282,127.233562911167,0
1.16,224.092376894319,127.110255676173,0
1.168,224.100134477006,126.983449184715,0
1.176,224.105411055416,126.853173218187,0
1.184,224.107997436138,126.719468684578,0
1.192,224.107678561913,126.582386243421,0
1.2,224.104233587085,126.441987056847,0
1.208,224.097436550411,126.298344084889,0
1.216,224.087054935475,126.151541434275,0
1.224,224.07285564054,126.001679896799,0
1.232,224.054598797438,125.848871983319,0
1.24,224.032040786319,125.69324527652,0
1.248,224.004935922167,125.534943926225,0
1.256,223.973037153375,125.37412925083,0
1.264,223.936094172578,125.210979281218,0
1.272,223.893856045246,125.045690744915,0
1.28,223.846072027203,124.878479857271,0
1.288,223.792493974595,124.709583445595,0
1.296,223.732873734516,124.539258675643,0
1.304,223.666966926821,124.367784736531,0
1.312,223.594534124313,124.195463426252,0
1.32,223.515342101169,124.022619712911,0
1.328,223.429160358827,123.849602395728,0
1.336,223.335773998195,123.67678494639,0
1.344,223.234974582728,123.504565645973,0
1.352,223.126564957279,123.333368440171,0
1.36,223.010364069888,123.16364278594,0
1.368,222.886207239915,122.995863745618,0
1.376,222.753942056291,122.830534163109,0
1.384,222.613444893777,122.668180247975,0
1.392,222.464609995664,122.509355117278,0
1.4,222.307352448778,122.354639480353,0
1.408,222.141622901775,122.204634776769,0
1.416,221.967396087389,122.059969257891,0
1.424,221.784681687191,121.921292623986,0
1.432,221.593521121544,121.789278872796,0
1.44,221.39399743791,121.664619374487,0
1.448,221.1862316449,121.548026199738,0
1.456,220.970390646667,121.440225251414,0
1.464,220.746685451277,121.341958505096,0
1.472,220.515377509025,121.253977287952,0
1.48,220.276779325405,121.177041604566,0
1.488,220.031256651939,121.111918101855,0
1.496,219.77923450319,121.05937008059,0
1.504,219.521194622648,121.020162669193,0
1.512,219.257683332688,120.995046254707,0
1.52,218.989309043925,120.984761015783,0
1.528,218.716744871594,120.990032100211,0
1.536,218.440732838155,121.011553307715,0
1.544,218.162082316117,121.049989626712,0
1.552,217.881671499761,121.105969182777,0
1.56,217.600448073486,121.180078731333,0
1.568,217.319429231434,121.272843754433,0
1.576,217.039700296746,121.384735035793,0
1.584,216.762413892872,121.516154306825,0
1.592,216.488787837927,121.66742585404,0
1.6,216.220104045885,121.838793429318,0
1.608,215.957701072649,122.030396254496,0
1.616,215.702972308501,122.242273173416,0
1.624,215.457363448162,122.474356828779,0
1.632,215.222359519383,122.726449409022,0
1.64,214.999488848729,122.998235015857,0
1.648,214.790298334912,123.289243454339,0
1.656,214.596359545146,123.598867315301,0
1.664,214.419459604382,123.925933540215,0
1.672,214.26386302045,124.262937592047,0
1.68,214.130634378988,124.605893064028,0
1.688,214.019521580287,124.952966413824,0
1.696,213.93014594232,125.302410184492,0
1.704,213.862037628928,125.652573265194,0
1.712,213.814637568824,126.001902714396,0
1.72,213.787308140308,126.348946806563,0
1.728,213.779343933795,126.692356874542,0
1.736,213.789981439973,127.030888197633,0
1.744,213.818407930814,127.363400252649,0
1.752,213.86377625681,127.688853259469,0
1.76,213.925199038573,128.006312794315,0
1.768,214.001774826404,128.314939251656,0
1.776,214.092578696489,128.613993868546,0
1.784,214.196679675605,128.902829910783,0
1.792,214.313148285193,129.180886353531,0
1.8,214.441048356813,129.447696675914,0
1.808,214.579459168718,129.702869474783,0
1.816,214.727467590844,129.946096496718,0
1.824,214.884182247837,130.177136100433,0
1.832,215.048725481147,130.395824673836,0
1.84,215.220246946643,130.602057600302,0
1.848,215.397922963863,130.795787862687,0
1.856,215.580954605485,130.977031093747,0
1.864,215.768575009272,131.145850554628,0
1.872,215.960048857004,131.302356616197,0
1.88,216.154673644627,131.44670250755,0
1.888,216.351780614265,131.579080248993,0
1.896,216.550735399299,131.699716764068,0
1.904,216.750938561824,131.808867851836,0
1.912,216.951825185075,131.906817573392,0
1.92,217.152865147526,131.993878715391,0
1.928,217.353562869307,132.070375686388,0
1.936,217.553457121795,132.136660186104,0
1.944,217.752119097195,132.193087304934,0
1.952,217.94915393084,132.240035119161,0
1.96,218.144197940885,132.277885196626,0
1.968,218.33691843573,132.307027039364,0
1.976,218.527012916939,132.327855932463,0
1.984,218.714206641098,132.340767150946,0
1.992,218.898254163582,132.346161430098,0
2,219.078934944893,132.344434938259,0
2.008,219.256055388785,132.335985188526,0
2.016,219.429444814939,132.321203779711,0
2.024,219.598956094188,132.30047881869,0
2.032,219.764463057281,132.274191608763,0
2.04,219.925860257666,132.242717266673,0
2.048,220.083061345782,132.206423230333,0
2.056,220.235998934158,132.165669607746,0
2.064,220.384621877394,132.120806787571,0
2.072,220.528893023976,132.07217434258,0
2.08,220.668793502162,132.020105084759,0
2.088,220.804313372381,131.964918036261,0
2.096,220.935459583206,131.906924947122,0
2.104,221.062247810538,131.846424945939,0
2.112,221.184703648861,131.783706266014,0
2.12,221.302865486636,131.719047797179,0
2.128,221.416777344711,131.652716019922,0
2.136,221.526491507503,131.584966863298,0
2.144,221.632069045711,131.516045939322,0
2.152,221.733573493516,131.446187182713,0
2.16,221.831078366532,131.375615010032,0
2.168,221.924658557605,131.304542723371,0
2.176,222.01439506551,131.233173711682,0
2.184,222.100370321842,131.161701260254,0
2.192,222.182672378626,131.090308965506,0
2.2,222.261388398268,131.019171032771,0
2.208,222.336609479513,130.948452445198,0
2.216,222.408430225193,130.878308718916,0
2.224,222.476938827907,130.808888204647,0
2.232,222.542232511112,130.74032915709,0
2.24,222.604404378231,130.67276261191,0
2.248,222.663545038193,130.606312919138,0
2.256,222.719750619297,130.541094687718,0
2.264,222.773111393293,130.477217316352,0
2.272,222.823717809758,130.414782938106,0
2.28,222.871659921491,130.353886564892,0
2.288,222.917024472616,130.29461792776,0
2.296,222.959897643508,130.237060022826,0
2.304,223.000361586029,130.181291613303,0
2.312,223.038499238861,130.127383782322,0
2.32,223.074388896848,130.075404126485,0
2.328,223.108105056311,130.025416685863,0
2.336,223.139723850634,129.977476766015,0
2.344,223.169314462514,129.9316391577,0
2.352,223.196943873583,129.887953958416,0
2.36,223.222677989633,129.846465064609,0
2.368,223.246576621088,129.807216075158,0
2.376,223.268699041818,129.770243821057,0
2.384,223.289099410467,129.735584036513,0
2.392,223.307830029261,129.703267211454,0
2.4,223.324937280353,129.673324410271,0
2.408,223.340465926389,129.645781252549,0
2.416,223.35445574147,129.620662958143,0
2.424,223.366946523692,129.5979863439,0
2.432,223.377970543937,129.57777205355,0
2.44,223.387558276009,129.560035389422,0
2.448,223.395734794778,129.544792478843,0
2.456,223.402525224577,129.532050596111,0
2.464,223.407945573493,129.521824719353,0
2.472,223.412011423454,129.514121907215,0
2.48,223.414732600836,129.508951006458,0
2.488,223.416122830882,129.50630440318,0
2.496,223.416461694783,129.505658801698,0
2.504,223.41773582018,129.503229563832,0
2.512,223.420328778264,129.498277328021,0
2.52,223.424247052955,129.490771874904,0
2.528,223.429473461481,129.480719267788,0
2.536,223.435992119848,129.468114289026,0
2.544,223.443795208627,129.452926027857,0
2.552,223.452858559503,129.435146487776,0
2.56,223.463146981469,129.414782183682,0
2.568,223.474651710229,129.391773072524,0
2.576,223.487329848012,129.366122232329,0
2.584,223.501151276279,129.337794435948,0
2.592,223.516075535654,129.306767150213,0
2.6,223.532060058748,129.273011989165,0
2.608,223.549060359773,129.236492900308,0
2.616,223.567023939325,129.197182897434,0
2.624,223.585898247855,129.155041383104,0
2.632,223.605622669213,129.110037981133,0
2.64,223.626134953952,129.062132167829,0
2.648,223.647366639182,129.011288678003,0
2.656,223.669246614541,128.95746284306,0
2.664,223.691697363644,128.900616127227,0
2.672,223.714636508591,128.840711119678,0
2.68,223.737977848261,128.777702895236,0
2.688,223.761629399023,128.711549962266,0
2.696,223.785493793729,128.642215095157,0
2.704,223.809468851797,128.569651324607,0
2.712,223.833446448538,128.493823703699,0
2.72,223.857313009683,128.414690559092,0
2.728,223.880949346346,128.3322164634,0
2.736,223.904230205241,128.246364257619,0
2.744,223.927024751849,128.157102320753,0
2.752,223.949195968212,128.064399859976,0
2.76,223.970599991373,127.968226494166,0
2.768,223.991088190503,127.868561709305,0
2.776,224.010504653075,127.765384432527,0
2.784,224.02868745723,127.658679456711,0
2.792,224.045468629185,127.548437304434,0
2.8,224.060672513675,127.434651199289,0
2.808,224.074118892301,127.317324765139,0
2.816,224.085620671733,127.19646694004,0
2.824,224.094984789974,127.072094533675,0
2.832,224.102009226674,126.944228545654,0
2.84,224.106491579999,126.812907093022,0
2.848,224.108218956662,126.678171160134,0
2.856,224.106973546749,126.540073544166,0
2.864,224.102533091006,126.398679358489,0
2.872,224.094671336219,126.254066522876,0
2.88,224.083155303769,126.106323775846,0
2.888,224.067749382291,125.955554889036,0
2.896,224.048211197764,125.801875982634,0
2.904,224.024298045056,125.645420723705,0
2.912,223.995762062965,125.486337433119,0
2.92,223.962356464871,125.324793190734,0
2.928,223.923831628999,125.160971953826,0
2.936,223.879934663271,124.995075445357,0
2.944,223.830416265184,124.827326409935,0
2.952,223.77502822578,124.657967754176,0
2.96,223.713523421428,124.487263251882,0
2.968,223.645658850721,124.315498880367,0
2.976,223.571196834886,124.142983399209,0
2.984,223.489904639027,123.970048887972,0
2.992,223.401555738635,123.797051699029,0
3,223.305939861094,123.624372587933,0
3.008,223.202846340591,123.45241806087,0
3.016,223.092090265068,123.281618802025,0
3.024,222.973486283866,123.112433701128,0
3.032,222.846880960391,122.945344548059,0
3.04,222.712128922616,122.7808614496,0
3.048,222.569108183442,122.619520068364,0
3.056,222.417718825844,122.461882414757,0
3.064,222.257893475032,122.308532135486,0
3.072,222.089582943147,122.16008231417,0
3.08,221.912773148184,122.017167756032,0
3.088,221.727487262584,121.880442616555,0
3.096,221.533774015893,121.750590265162,0
3.104,221.331731809819,121.628305028183,0
3.112,221.121491822099,121.514306799935,0
3.12,220.90323813164,121.409322101593,0
3.128,220.677192396532,121.314101223093,0
3.136,220.443633947283,121.22939520881,0
3.144,220.202889583573,121.155968891273,0
3.152,219.955344203422,121.094586246166,0
3.16,219.7014393056,121.046012324459,0
3.168,219.441676877252,121.011006276822,0
3.176,219.176620401489,120.9903195534,0
3.184,218.906898465554,120.984686672629,0
3.192,218.63320587808,120.994819762562,0
3.2,218.356302969586,121.021414145988,0
3.208,218.077021700673,121.065114423035,0
3.216,217.796260329492,121.12654622347,0
3.224,217.514988392522,121.20627012073,0
3.232,217.234243542511,121.304799487949,0
3.24,216.955131747801,121.422584939958,0
3.248,216.678825694458,121.560005517018,0
3.256,216.406563672242,121.717364747366,0
3.264,216.139643984098,121.894869771706,0
3.272,215.879422871015,122.092633138213,0
3.28,215.627309177482,122.310660454186,0
3.288,215.384765530661,122.5488540059,0
3.296,215.153285548066,122.806970507084,0
3.304,214.934405840941,123.084651495824,0
3.312,214.729683200794,123.381388058364,0
3.32,214.540691367938,123.696524238737,0
3.328,214.369802526033,124.027591484664,0
3.336,214.221025095273,124.366603625612,0
3.344,214.094548831619,124.711000387394,0
3.352,213.990083403354,125.058974216334,0
3.36,213.907224719121,125.408806863391,0
3.368,213.84547190975,125.75887632609,0
3.376,213.804241177448,126.107660228489,0
3.384,213.782873504956,126.453738006124,0
3.392,213.780645063786,126.795792440224,0
3.4,213.796776644898,127.132610343243,0
3.408,213.830442346479,127.463082668733,0
3.416,213.880783016148,127.786201420431,0
3.424,213.94690638172,128.101061320049,0
3.432,214.027903647328,128.406853195244,0
3.44,214.122846660072,128.702867049367,0
3.448,214.23080461079,128.988482413527,0
3.456,214.350844464443,129.263168069204,0
3.464,214.482035975719,129.526479217883,0
3.472,214.623457724169,129.778052920222,0
3.48,214.774207225234,130.017596062445,0
3.488,214.933391608916,130.24489810348,0
3.496,215.100144633806,130.459809000612,0
3.504,215.27362221941,130.662244763966,0
3.512,215.453007663489,130.852178891262,0
3.52,215.637512836978,131.029639551395,0
3.528,215.826380464591,131.194703950513,0
3.536,216.018884761499,131.347496379528,0
3.544,216.214333147605,131.488182924462,0
3.552,216.412067251994,131.616966540646,0
3.56,216.611463224693,131.734083953788,0
3.568,216.811932068776,131.839802000105,0
3.576,217.012919759596,131.934408968048,0
3.584,217.213906566378,132.018223801532,0
3.592,217.41440740104,132.091580637413,0
3.6,217.613970999658,132.154831024847,0
3.608,217.812178898993,132.208337952057,0
3.616,218.00864582747,132.252480566391,0
3.624,218.203017605089,132.287643087983,0
3.632,218.394970804161,132.314216991866,0
3.64,218.584211940704,132.332598923388,0
3.648,218.770473917179,132.343182549348,0
3.656,218.953521223967,132.346372651495,0
3.664,219.133139407876,132.342561071888,0
3.672,219.309142993687,132.332145873742,0
3.68,219.481368855471,132.315518081649,0
3.688,219.649675372457,132.293062329048,0
3.696,219.81394335322,132.265159069871,0
3.704,219.974073879396,132.23218183779,0
3.712,220.129986380028,132.194495660605,0
3.72,220.281617253294,132.152456449065,0
3.728,220.428920543597,132.106412243846,0
3.736,220.571866200765,132.056701760668,0
3.744,220.710434952746,132.003651045004,0
3.752,220.844624901656,131.947579134131,0
3.76,220.974444800395,131.888793193605,0
3.768,221.099913485439,131.827589067857,0
3.776,221.221060451129,131.764252155373,0
3.784,221.33792537135,131.699057345689,0
3.792,221.450555825713,131.632268315752,0
3.8,221.559006845721,131.564137801097,0
3.808,221.663339266084,131.494907517344,0
3.816,221.763621790664,131.424808983613,0
3.824,221.859925490082,131.354062636671,0
3.832,221.952329557212,131.282879145162,0
3.84,222.04091271231,131.211458624099,0
3.848,222.125763608436,131.139991538245,0
3.856,222.206966399468,131.068658513524,0
3.864,222.284610881185,130.997630928678,0
3.872,222.358787842845,130.927071113964,0
3.88,222.42959283984,130.857131811605,0
3.888,222.497115071542,130.787958622027,0
3.896,222.561450502679,130.719687563679,0
3.904,222.622690092901,130.652448157081,0
3.912,222.680930727466,130.586360084888,0
3.92,222.736261427618,130.5215384381,0
3.928,222.788775853705,130.458088979458,0
3.936,222.838564223219,130.396111595729,0
3.944,222.885712713694,130.335701395198,0
3.952,222.930311574893,130.276943828928,0
3.96,222.972443083818,130.219922344439,0
3.968,223.012191966592,130.164711689301,0
3.976,223.049638152059,130.11138304995,0
3.984,223.084860555839,130.060001335046,0
3.992,223.117931191288,130.010630705521,0
4,223.148926415664,129.963324090586,0
4.008,223.17791407054,129.918135490105,0
4.016,223.204960797783,129.875113159263,0
4.024,223.230132228657,129.834298914852,0
4.032,223.253484333619,129.795738837664,0
4.04,223.275077904424,129.759465609016,0
4.048,223.29496601698,129.725513960237,0
4.056,223.313196898135,129.693917833157,0
4.064,223.329819588853,129.664702136755,0
4.072,223.344877510952,129.637891863638,0
4.08,223.358408218726,129.613513153432,0
4.088,223.370449938819,129.591582863112,0
4.096,223.381034645532,129.572119614821,0
4.104,223.390190400214,129.555140299778,0
4.112,223.397943589821,129.540656101698,0
4.12,223.404314306984,129.528680697551,0
4.128,223.40932236994,129.51921944287,0
4.136,223.412980400224,129.512282054862,0
4.144,223.415298569018,129.5078739708,0
4.152,223.416280647345,129.506003757465,0
4.16,223.416708548773,129.505188370161,0
4.168,223.418384474946,129.501991781419,0
4.176,223.421379821148,129.496266663864,0
4.184,223.425696344023,129.487989063802,0
4.192,223.431318796977,129.477158513396,0
4.2,223.438227337738,129.463774806033,0
4.208,223.446415455051,129.447801458994,0
4.216,223.455853693341,129.429238574999,0
4.224,223.466515969156,129.408070448091,0
4.232,223.478380439898,129.384261696074,0
4.24,223.491410802165,129.357797942465,0
4.248,223.50557058354,129.328655272928,0
4.256,223.520822267494,129.296800791876,0
4.264,223.537120680784,129.262208795461,0
4.272,223.554419098607,129.224845477966,0
4.28,223.572665876689,129.184677287355,0
4.288,223.591804141662,129.141672565817,0
4.296,223.611775294013,129.095789699822,0
4.304,223.632513519755,129.046995375133,0
4.312,223.653950408325,128.995248212894,0
4.32,223.676011780176,128.940510683218,0
4.328,223.698619752849,128.882739279474,0
4.336,223.721690469275,128.821896207284,0
4.344,223.745136075357,128.757936536132,0
4.352,223.768862857219,128.690820186092,0
4.36,223.792771966858,128.62050846456,0
4.368,223.816759448589,128.546958527108,0
4.376,223.84071556111,128.470129399907,0
4.384,223.864525020025,128.389984844739,0
4.392,223.888066852025,128.306488130559,0
4.4,223.911214156755,128.219603903991,0
4.408,223.933833905203,128.129298715085,0
4.416,223.955787464672,128.035544504902,0
4.424,223.976929391173,127.938313062959,0
4.432,223.997108812881,127.837583279724,0
4.44,224.016167763384,127.733335223397,0
4.448,224.033942577901,127.62555582924,0
4.456,224.050263372591,127.514237302127,0
4.464,224.064952926477,127.399375478774,0
4.472,224.077828478182,127.280974637716,0
4.48,224.088701561283,127.159046935856,0
4.488,224.097375335462,127.033608719559,0
4.496,224.103650127193,126.904689909185,0
4.504,224.107317023029,126.772324719342,0
4.512,224.108163958897,126.636560825147,0
4.52,224.105971847565,126.497454602444,0
4.528,224.100517261809,126.355074864785,0
4.536,224.091569310044,126.209500378929,0
4.544,224.078897305002,126.060827182536,0
4.552,224.062259859199,125.909159855034,0
4.56,224.041418072794,125.754622516401,0
4.568,224.016127081322,125.597352591971,0
4.576,223.986138758343,125.437503650445,0
4.584,223.951203149921,125.275246786057,0
4.592,223.911073166516,125.110772908963,0
4.6,223.865494316286,124.944288979163,0
4.608,223.814218516172,124.776024186943,0
4.616,223.75699774677,124.606227660296,0
4.624,223.693586016954,124.435169836282,0
4.632,223.62374181335,124.263143533807,0
4.64,223.547229321194,124.090464525225,0
4.648,223.463814887566,123.917472110568,0
4.656,223.373280530083,123.744530178681,0
4.664,223.275413748457,123.572027083957,0
4.672,223.170011205773,123.400376868936,0
4.68,223.056888046564,123.230018593443,0
4.688,222.93587059263,123.061417676521,0
4.696,222.806802022874,122.895065927556,0
4.704,222.669548957441,122.731479857181,0
4.712,222.52399477902,122.571203366211,0
4.72,222.370051758669,122.414803749477,0
4.728,222.207649259291,122.262877992166,0
4.736,222.036757078831,122.116041336796,0
4.744,221.857367617288,121.974937384496,0
4.752,221.66951331321,121.840227981605,0
4.76,221.473257593642,121.712600220591,0
4.768,221.26870880884,121.592755858815,0
4.776,221.056011766236,121.481419548759,0
4.784,220.835364317974,121.379322261597,0
4.792,220.607004961613,121.287215189967,0
4.8,220.371225030664,121.205856886994,0
4.808,220.128371070485,121.136008943847,0
4.816,219.878844506431,121.078436343406,0
4.824,219.623104497186,121.033903502839,0
4.832,219.361670486853,121.003170389282,0
4.84,219.095127164584,120.986979821854,0
4.848,218.824121410575,120.986065935782,0
4.856,218.549369385012,121.001130713932,0
4.864,218.271653151179,121.032853648705,0
4.872,217.991823667715,121.081879910822,0
4.88,217.71080158041,121.1488117603,0
4.888,217.429576879435,121.234197605564,0
4.896,217.149208095447,121.338533033977,0
4.904,216.870821681814,121.462247733427,0
4.912,216.595611079568,121.605701399336,0
4.92,216.32483223283,121.769163739014,0
4.928,216.059801802602,121.952816559343,0
4.936,215.801892482164,122.156740809597,0
4.944,215.552531403781,122.380914843516,0
4.952,215.313187592662,122.625189360275,0
4.96,215.085374215579,122.889297967731,0
4.968,214.870629453662,123.172827939868,0
4.976,214.670520571402,123.475232721177,0
4.984,214.486621192143,123.795805863996,0
4.992,214.322221228342,124.129920753217,0
5,214.180247271728,124.470766276901,0
5.008,214.060496036441,124.816437242446,0
5.016,213.962640244125,125.165152995609,0
5.024,213.886251842231,125.515224766075,0
5.032,213.830800358008,125.865060103292,0
5.04,213.795678033218,126.213167372938,0
5.048,213.780205371381,126.558157264117,0
5.056,213.783640957378,126.898744034791,0
5.064,213.805190652737,127.233746015032,0
5.072,213.844016106082,127.562085586889,0
5.08,213.899247269235,127.882786292562,0
5.088,213.969986798677,128.194972137881,0
5.096,214.055319994063,128.497863810786,0
5.104,214.154315629525,128.790780109675,0
5.112,214.266045554339,129.073124663477,0
5.12,214.389570275568,129.344399003636,0
5.128,214.523967350293,129.604178339325,0
5.136,214.668319931549,129.852121800894,0
5.144,214.821723641177,130.087967655346,0
5.152,214.98329872173,130.311517085647,0
5.16,215.152183843036,130.522642226517,0
5.168,215.327542106489,130.7212785365,0
5.176,215.50856541107,130.907416459634,0
5.184,215.694474813703,131.081099751816,0
5.192,215.884522365187,131.242420978323,0
5.2,216.077992518509,131.391517188391,0
5.208,216.274203246559,131.528565384551,0
5.216,216.472506942654,131.653776577601,0
5.224,216.672289757265,131.767399333629,0
5.232,216.87297327951,131.869708896699,0
5.24,217.074014039403,131.961004236836,0
5.248,217.274902881798,132.041603604678,0
5.256,217.475165191597,132.111852522845,0
5.264,217.674359518248,132.172102553912,0
5.272,217.872077735082,132.222723912255,0
5.28,218.067944065181,132.264096835887,0
5.288,218.261613758414,132.296607975864,0
5.296,218.452772578495,132.32065059584,0
5.304,218.6411353526,132.33662095196,0
5.312,218.826444253476,132.344915447418,0
5.32,219.008470624672,132.345935658463,0
5.328,219.187009913518,132.340077367807,0
5.336,219.361881826347,132.327733250975,0
5.344,219.532930006107,132.309293029904,0
5.352,219.700021089938,132.285142193478,0
5.36,219.863042158177,132.25565889679,0
5.368,220.021898956691,132.221212832792,0
5.376,220.176516002581,132.182166253298,0
5.384,220.32683686166,132.138874436174,0
5.392,220.472817414288,132.091679822574,0
5.4,220.614434449843,132.040920291691,0
5.408,220.75167224577,131.986918297915,0
5.416,220.884532906414,131.929989752395,0
5.424,221.013028285126,131.870438296438,0
5.432,221.13718009642,131.808556365094,0
5.44,221.257022077185,131.744626671136,0
5.448,221.372594672955,131.678919937527,0
5.456,221.483949167033,131.611697081023,0
5.464,221.591142017259,131.54320729666,0
5.472,221.694235445404,131.473689000804,0
5.48,221.793300546831,131.403370696126,0
5.488,221.888411016628,131.332469804152,0
5.496,221.979645504374,131.261193607192,0
5.504,222.067086701434,131.189739310364,0
5.512,222.150818941951,131.118294298268,0
5.52,222.230930662273,131.047036433564,0
5.528,222.307513258794,130.976134047766,0
5.536,222.380654654807,130.905747174143,0
5.544,222.450452419679,130.836025694938,0
5.552,222.516996938849,130.767112414381,0
5.56,222.580381036819,130.699141811759,0
5.568,222.640699659695,130.632239788889,0
5.576,222.698046274052,130.56652486536,0
5.584,222.75251240682,130.502108824334,0
5.592,222.804188445303,130.439096701939,0
5.6,222.853164682842,130.377586314704,0
5.608,222.899530808544,130.317668392502,0
5.616,222.943369975804,130.259430703509,0
5.624,222.984769633366,130.202951081504,0
5.632,223.023810473335,130.148304981981,0
5.64,223.060572102437,130.095561828435,0
5.648,223.095133084125,130.044784710116,0
5.656,223.127565622618,129.996035421612,0
5.664,223.157943618693,129.949367028283,0
5.672,223.186334552647,129.904831802651,0
5.68,223.212804743211,129.862476092596,0
5.688,223.23741661435,129.822343271792,0
5.696,223.260229907417,129.784472475605,0
5.704,223.281299031195,129.748902162631,0
5.712,223.300677712426,129.715664124789,0
5.72,223.3184160584,129.684787149626,0
5.728,223.334558754493,129.656299980874,0
5.736,223.349148164146,129.630226933343,0
5.744,223.362223313336,129.606589306754,0
5.752,223.373818824562,129.585407230141,0
5.76,223.383967310695,129.566695697721,0
5.768,223.392694112677,129.550473709725,0
5.776,223.400025638634,129.536749780133,0
5.784,223.405981454166,129.525535833749,0
5.792,223.410575065615,129.516846248091,0
5.8,223.413826822613,129.510673613703,0
5.808,223.415734039903,129.507044877814,0
5.816,223.416326691902,129.505916032963,0
5.824,223.417077613087,129.504484846248,0
5.832,223.419155774602,129.500519025156,0
5.84,223.422552935628,129.494020216328,0
5.848,223.427266227221,129.484970589438,0
5.856,223.433283247603,129.473361346798,0
5.864,223.440583115486,129.459191376216,0
5.872,223.449154308183,129.442431238998,0
5.88,223.458965957685,129.423081456846,0
5.888,223.469995630308,129.401115669392,0
5.896,223.48221758242,129.376503550298,0
5.904,223.495595190305,129.349228379701,0
5.912,223.510091010782,129.319265098327,0
5.92,223.525665538428,129.286582081086,0
5.928,223.542273493929,129.251150190939,0
5.936,223.559865224313,129.212939742228,0
5.944,223.578389815353,129.171910810678,0
5.952,223.597787847614,129.128034962551,0
5.96,223.617998693671,129.081272919931,0
5.968,223.638956784715,129.031585258007,0
5.976,223.660591346246,128.978934055474,0
5.984,223.682827449765,128.923278306007,0
5.992,223.705584878967,128.864579038535,0
6,223.728779082406,128.802793578977,0
6.008,223.752320312286,128.737878610236,0
6.016,223.776113188023,128.669795389728,0
6.024,223.800057385633,128.598503087558,0
6.032,223.824047164727,128.523960806119,0
6.04,223.847971164819,128.446128913739,0
6.048,223.871712507459,128.364971330348,0
6.056,223.89514808258,128.280447957245,0
6.064,223.918149414374,128.192527443556,0
6.072,223.940581949144,128.101178407419,0
6.08,223.962304143599,128.006368479986,0
6.088,223.983170124112,127.908077143126,0
6.096,224.003026123568,127.806280239225,0
6.104,224.021712365352,127.700959943075,0
6.112,224.039063471944,127.59210534887,0
6.12,224.054907544578,127.479710118955,0
6.128,224.069066057512,127.363773229802,0
6.136,224.081353446685,127.244299185252,0
6.144,224.091578587169,127.121301389365,0
6.152,224.099544981676,126.994802319305,0
6.16,224.105049858747,126.864832427284,0
6.168,224.107883661875,126.731430285888,0
6.176,224.10783049784,126.594644121134,0
6.184,224.104670445807,126.454534838544,0
6.192,224.098177820881,126.311174309248,0
6.2,224.08812452227,126.164648885914,0
6.208,224.074271297892,126.01505260354,0
6.216,224.056382476227,125.862499954038,0
6.224,224.034214707643,125.707116994234,0
6.232,224.007522524434,125.549046299839,0
6.24,223.976058915516,125.388447505572,0
6.248,223.939570148619,125.225495515216,0
6.256,223.897811725641,125.060388176862,0
6.264,223.850528008726,124.893337950863,0
6.272,223.797471858883,124.724580386583,0
6.28,223.738395721051,124.554370972941,0
6.288,223.673054842159,124.382986865053,0
6.296,223.601209308415,124.210727776159,0
6.304,223.522623211479,124.037916479319,0
6.312,223.437068154818,123.864899832332,0
6.32,223.344328973325,123.692048937331,0
6.328,223.244191490823,123.519760201577,0
6.336,223.136464122481,123.348454585896,0
6.344,223.020957739495,123.178580296984,0
6.352,222.897511106251,123.010609191224,0
6.36,222.765968748479,122.845041981205,0
6.368,222.626204111515,122.682402994844,0
6.376,222.478110734192,122.523242561661,0
6.384,222.321599548753,122.368140039322,0
6.392,222.156620598977,122.217693808864,0
6.4,221.983145457676,122.072530178205,0
6.408,221.801180415189,121.933297137653,0
6.416,221.610763787783,121.800666753442,0
6.424,221.411975217624,121.675328659368,0
6.432,221.204932802212,121.55799252318,0
6.44,220.989797479677,121.449385050717,0
6.448,220.76677820966,121.350244694629,0
6.456,220.536130786632,121.261323345181,0
6.464,220.29816293989,121.183380741455,0
6.472,220.053237334381,121.117180033719,0
6.48,219.801770206584,121.063491496881,0
6.488,219.544241669345,121.023073391759,0
6.496,219.281190683215,120.996680825604,0
6.504,219.013220028062,120.98505555871,0
6.512,218.740998289943,120.988919153213,0
6.52,218.465259079114,121.008978231985,0
6.528,218.186807769086,121.04589038945,0
6.536,217.906515118781,121.100298376024,0
6.544,217.625323652358,121.172780846239,0
6.552,217.34424387212,121.263874534014,0
6.56,217.064355123244,121.374055806641,0
6.568,216.786804889511,121.503736702815,0
6.576,216.51280517565,121.653244920467,0
6.584,216.243630984073,121.82282694881,0
6.592,215.980616472457,122.012634974462,0
6.6,215.72515092076,122.222718849067,0
6.608,215.478677490021,122.453024292148,0
6.616,215.242675132549,122.703358913975,0
6.624,215.018668374394,122.973418154875,0
6.632,214.808204061339,123.262747896731,0
6.64,214.612854829571,123.570756272838,0
6.648,214.434297870981,123.896481324001,0
6.656,214.27671662958,124.232868759398,0
6.664,214.141522226924,124.575373913169,0
6.672,214.02846547201,124.922154496742,0
6.68,213.937183196524,125.271456491649,0
6.688,213.867214913995,125.621620147729,0
6.696,213.818008319982,125.971083471231,0
6.704,213.788931692317,126.318385657483,0
6.712,213.779284755856,126.662168981905,0
6.72,213.788309014054,127.001179523095,0
6.728,213.815199735018,127.334265946784,0
6.736,213.859104561522,127.660382587932,0
6.744,213.919143649374,127.978584242904,0
6.752,213.994414390922,128.288024397101,0
6.76,214.083997614839,128.587952956453,0
6.768,214.186962589612,128.877714620719,0
6.776,214.302374434609,129.156745168202,0
6.784,214.429301535222,129.424566231656,0
6.792,214.566819446112,129.680782185796,0
6.8,214.714014900448,129.925076965302,0
6.808,214.869995461724,130.157201822809,0
6.816,215.033880928566,130.376988015476,0
6.824,215.204819939659,130.584323165726,0
6.832,215.381984206212,130.779159364953,0
6.84,215.564573457838,130.961505263223,0
6.848,215.751818081158,131.131419795415,0
6.856,215.942979891114,131.289009385134,0
6.864,216.137353430605,131.434423677036,0
6.872,216.334266927689,131.567851453562,0
6.88,216.533082962334,131.689516731444,0
6.888,216.733199157278,131.799670777632,0
6.896,216.934047179191,131.898599405539,0
6.904,217.135094065841,131.986611304693,0
6.912,217.335841118008,132.064027765893,0
6.92,217.535824190349,132.131201398283,0
6.928,217.734611545752,132.188485185343,0
6.936,217.931805367221,132.236255896907,0
6.944,218.127039276662,132.274894860185,0
6.952,218.319977884239,132.304790961779,0
6.96,218.510316063344,132.326339047615,0
6.968,218.697776579293,132.339934230038,0
6.976,218.882111526354,132.345977118738,0
6.984,219.063098222575,132.344864313087,0
6.992,219.240540789596,132.336993367259,0
7,219.414266391639,132.322756117678,0
7.008,219.584125851578,132.302541063771,0
7.016,219.749991916297,132.276731101795,0
7.024,219.91175567669,132.245699777626,0
7.032,220.069330988898,132.209817533254,0
7.04,220.222647907548,132.16944403244,0
7.048,220.371653719015,132.124930429148,0
7.056,220.516311739466,132.076618656548,0
7.064,220.656598011904,132.024839339703,0
7.072,220.792505446953,131.969915508206,0
7.08,220.924037811125,131.912158291604,0
7.088,221.051210804142,131.851868380323,0
7.096,221.174048682891,131.789334661798,0
7.104,221.292589659429,131.724837254585,0
7.112,221.406875001806,131.658642792581,0
7.12,221.516958132752,131.591008906042,0
7.128,221.622897352255,131.522181584858,0
7.136,221.724760779597,131.452396900523,0
7.144,221.822616320805,131.381879011794,0
7.152,221.916540893889,131.310842598297,0
7.16,222.006612332622,131.239491765731,0
7.168,222.092917551962,131.168020914672,0
7.176,222.175539646868,131.096614431945,0
7.184,222.254569316629,131.025447233031,0
7.192,222.330097339417,130.95468490535,0
7.2,222.402212507832,130.884484773709,0
7.208,222.471011645508,130.814994268242,0
7.216,222.536585918026,130.746353627489,0
7.224,222.599028830766,130.678694689165,0
7.232,222.658435917188,130.612140624568,0
7.24,222.714896319592,130.546809437221,0
7.248,222.768504844862,130.482809361275,0
7.256,222.819351697508,130.420243167376,0
7.264,222.867526583609,130.359206631831,0
7.272,222.913114124316,130.299791551948,0
7.28,222.956204485101,130.2420789749,0
7.288,222.9968793707,130.186148375356,0
7.296,223.035219160085,130.132073483495,0
7.304,223.071303109947,130.079921962242,0
7.312,223.105209438479,130.029755050318,0
7.32,223.137010301366,129.981632371501,0
7.328,223.166777378025,129.935606952252,0
7.336,223.194577798473,129.891729286572,0
7.344,223.22047757838,129.850043742239,0
7.352,223.244535652436,129.810595668515,0
7.36,223.266812883772,129.773420636233,0
7.368,223.287363514414,129.738554893388,0
7.376,223.306239817249,129.706029660743,0
7.384,223.323488617436,129.675876076478,0
7.392,223.339155633034,129.648118999672,0
7.4,223.353279495523,129.622786146079,0
7.408,223.365901854229,129.599892132892,0
7.416,223.37705393888,129.579460052873,0
7.424,223.386768889606,129.561501372257,0
7.432,223.395069204221,129.546037440331,0
7.44,223.40197870665,129.53307885596,0
7.448,223.4075194442,129.522630374944,0
7.456,223.41170374947,129.514705735605,0
7.464,223.414548423064,129.509301398108,0
7.472,223.41605486737,129.50643386485,0
7.48,223.416417431207,129.505743142534,0
7.488,223.41756899435,129.503547795465,0
7.496,223.420049150802,129.498811896202,0
7.504,223.423847244965,129.491538930044,0
7.512,223.428956351859,129.481716125473,0
7.52,223.435366746873,129.469326608221,0
7.528,223.443055003849,129.454371405251,0
7.536,223.45200084647,129.436836321261,0
7.544,223.462190483036,129.416683282749,0
7.552,223.473584124236,129.393919399312,0
7.56,223.486162744601,129.368496561294,0
7.568,223.499883456179,129.340409207008,0
7.576,223.514712235631,129.309620837629,0
7.584,223.530604371921,129.276109314834,0
7.592,223.547517115571,129.239835203593,0
7.6,223.565398150804,129.200771865263,0
7.608,223.584193984937,129.158882964803,0
7.616,223.603845722089,129.114134089347,0
7.624,223.624290991839,129.066486513465,0
7.632,223.645461999939,129.015903948562,0
7.64,223.667287483219,128.962344474067,0
7.648,223.689691119824,128.905765847278,0
7.656,223.712590353999,128.846134017552,0
7.664,223.73589977937,128.783402009086,0
7.672,223.759527832773,128.717528015738,0
7.68,223.783377523712,128.648474568862,0
7.688,223.807347032505,128.57619831452,0
7.696,223.831328859548,128.50066069124,0
7.704,223.855210061307,128.421823386992,0
7.712,223.878871566906,128.339644450318,0
7.72,223.902189128997,128.254093075598,0
7.728,223.925032056324,128.165133625141,0
7.736,223.947263922733,128.072735933809,0
7.744,223.968742011748,127.976871789926,0
7.752,223.989317804822,127.87751800036,0
7.76,224.008835531933,127.77465196731,0
7.768,224.027133732412,127.66825826204,0
7.776,224.044045249425,127.558327881785,0
7.784,224.059396099101,127.444855848508,0
7.792,224.073005811102,127.327843104787,0
7.8,224.084687059654,127.207296626629,0
7.808,224.094247118089,127.083232548781,0
7.816,224.101488170298,126.955676462693,0
7.824,224.106202659494,126.824657547759,0
7.832,224.108181769089,126.690220970797,0
7.84,224.10720822004,126.552418374971,0
7.848,224.103060209701,126.411313641949,0
7.856,224.095511150536,126.266982774099,0
7.864,224.084326862106,126.119512103839,0
7.872,224.069273639611,125.969005659201,0
7.88,224.050110756763,125.815579096881,0
7.888,224.026594106018,125.659363490734,0
7.896,223.998477662274,125.500506611317,0
7.904,223.965514191381,125.339173528957,0
7.912,223.927450381723,125.175545014485,0
7.92,223.884040274541,125.009823966548,0
7.928,223.835028742331,124.842229136242,0
7.936,223.780169380502,124.673002385308,0
7.944,223.719215351408,124.502405685634,0
7.952,223.651923246911,124.33072296474,0
7.96,223.578054804528,124.15826087842,0
7.968,223.49737340743,123.98534931343,0
7.976,223.40965846347,123.812342677334,0
7.984,223.314693320395,123.639619477997,0
7.992,223.212269084868,123.467583834146,0
8,223.102197061321,123.296664563479,0
8.008,222.98429512781,123.127317314586,0
8.016,222.85840230938,122.960022995138,0
8.024,222.72437640747,122.795288095633,0
8.032,222.582090488106,122.633646965195,0
8.04,222.431445171619,122.47565822911,0
8.048,222.272367957957,122.321904633496,0
8.056,222.104808855828,122.172996211049,0
8.064,221.928750518914,122.029565919334,0
8.072,221.744212752979,121.892266231227,0
8.08,221.551241161127,121.761778566155,0
8.088,221.349930617003,121.638795642599,0
8.096,221.140409400269,121.524034882426,0
8.104,220.922855403272,121.418223955722,0
8.112,220.697488308182,121.3221094377,0
8.12,220.46458167749,121.236443156022,0
8.128,220.224459288377,121.161986585843,0
8.136,219.977497479154,121.099509701041,0
8.144,219.724136192945,121.049771152417,0
8.152,219.464870165341,121.013534169842,0
8.16,219.200257323845,120.991551483444,0
8.168,218.930920592299,120.984559337818,0
8.176,218.657549021514,120.993272072386,0
8.184,218.380898046819,121.018380930041,0
8.192,218.101791549883,121.060546127804,0
8.2,217.821123146204,121.120385246284,0
8.208,217.539855537996,121.198468033159,0
8.216,217.259020288215,121.295313664244,0
8.224,216.979717978873,121.411382613837,0
8.232,216.703115442873,121.547056518308,0
8.24,216.430444278944,121.702641915569,0
8.248,216.162997866553,121.878357645466,0
8.256,215.902127379517,122.07432523351,0
8.264,215.649240714952,122.290567945444,0
8.272,215.405789132865,122.526982113387,0
8.28,215.17327068572,122.783351592901,0
8.288,214.953212176815,123.059317863066,0
8.296,214.747174062622,123.354393451984,0
8.304,214.556730289241,123.667936091167,0
8.312,214.384040125894,123.997935086335,0
8.32,214.233278668483,124.336380670775,0
8.328,214.104841686156,124.680375659343,0
8.336,213.998445734394,125.028103826793,0
8.344,213.913693813849,125.377838738121,0
8.352,213.850096559263,125.727950075303,0
8.36,213.80707666822,126.076906401466,0
8.368,213.783980787819,126.423278080509,0
8.376,213.780090006256,126.765738853158,0
8.384,213.794629329588,127.103066552256,0
8.392,213.826779864934,127.434141733799,0
8.4,213.875682826324,127.757948105914,0
8.408,213.940446608468,128.073572480991,0
8.416,214.02016352921,128.380197804288,0
8.424,214.113911821823,128.677102014164,0
8.432,214.220758412262,128.963657962128,0
8.44,214.339764926768,129.239331711637,0
8.448,214.470008027602,129.503664197867,0
8.456,214.610562990258,129.75628724643,0
8.464,214.760523608258,129.996904181005,0
8.472,214.918997481167,130.225295482962,0
8.48,215.085115348616,130.441306865757,0
8.488,215.258031410996,130.644848154679,0
8.496,215.436926542694,130.835887748397,0
8.504,215.621010579791,131.014447467104,0
8.512,215.809522321993,131.180603102981,0
8.52,216.001733328268,131.334474844001,0
8.528,216.196948304887,131.476224561873,0
8.536,216.394505854133,131.60605207497,0
8.544,216.593779065603,131.724191298275,0
8.552,216.794175876505,131.830906371805,0
8.56,216.995139182947,131.926482262206,0
8.568,217.196146131805,132.011238994639,0
8.576,217.396708581459,132.085506051053,0
8.584,217.596372484675,132.149636399198,0
8.592,217.794716224875,132.203989435788,0
8.6,217.991351823829,132.248944689281,0
8.608,218.185922356402,132.284885632383,0
8.616,218.378101715552,132.312203173057,0
8.624,218.567593812645,132.331293575746,0
8.632,218.754129125429,132.342550463254,0
8.64,218.937469813882,132.346378770118,0
8.648,219.117398851724,132.343169823787,0
8.656,219.293729013845,132.333322819373,0
8.664,219.466294859779,132.31722868075,0
8.672,219.634953522165,132.295273503519,0
8.68,219.799582516843,132.267836292255,0
8.688,219.960082804284,132.235293352211,0
8.696,220.116371329845,132.198009308669,0
8.704,220.268382863118,132.156340780712,0
8.712,220.416069884675,132.110636576642,0
8.72,220.559401684383,132.061236881225,0
8.728,220.698357473247,132.008468343464,0
8.736,220.832934703693,131.952651243381,0
8.744,220.963140114868,131.894093052335,0
8.752,221.088993181416,131.833091461933,0
8.76,221.210520415409,131.769931710803,0
8.768,221.327762987193,131.704890725287,0
8.776,221.440765828174,131.63823231325,0
8.784,221.54958315888,131.570210248577,0
8.792,221.654277847859,131.50106791219,0
8.8,221.754914203911,131.431036850604,0
8.808,221.851566920114,131.360339235377,0
8.816,221.94431225405,131.289186204994,0
8.824,222.033232444141,131.217778922702,0
8.832,222.118407669242,131.146308549303,0
8.84,222.199929101538,131.074956701239,0
8.848,222.277884797061,131.003895473063,0
8.856,222.352366657787,130.933287679743,0
8.864,222.423464027141,130.863287983351,0
8.872,222.491273212626,130.794041354436,0
8.88,222.555886128602,130.725685443505,0
8.888,222.617396931711,130.658349420674,0
8.896,222.675898563495,130.592155056486,0
8.904,222.731484216848,130.527216397584,0
8.912,222.784243955493,130.463641470541,0
8.92,222.834268319365,130.401530879086,0
8.928,222.8816472182,130.340978195545,0
8.936,222.926468503204,130.282070841101,0
8.944,222.968815231059,130.224892372012,0
8.952,223.008771289298,130.169518822413,0
8.96,223.046418202081,130.116020769677,0
8.968,223.081833184341,130.064465252202,0
8.976,223.115091594284,130.01491399888,0
8.984,223.146267168438,129.967423043365,0
8.992,223.175429602524,129.922045181938,0
9,223.202645689873,129.87882907279,0
9.008,223.227980033344,129.837818421541,0
9.016,223.251491204134,129.799056779713,0
9.024,223.273238096405,129.762579864339,0
9.032,223.293274698535,129.728421966946,0
9.04,223.311650159692,129.696616410805,0
9.048,223.328413301888,129.667189106644,0
9.056,223.343607836413,129.640165345826,0
9.064,223.357272347717,129.615570336677,0
9.072,223.369444701607,129.593422228426,0
9.08,223.380156272388,129.573741466702,0
9.088,223.389438019621,129.556540699431,0
9.096,223.397313696961,129.541836491169,0
9.104,223.403807469581,129.529635942361,0
9.112,223.408933387958,129.519955795013,0
9.12,223.412709131245,129.512797262785,0
9.128,223.415142870779,129.508170303023,0
9.136,223.416251521952,129.506059246515,0
9.144,223.416626948212,129.505343885221,0
9.152,223.418182375787,129.50237751601,0
9.16,223.421064547524,129.496869935819,0
9.168,223.425262438674,129.488822581568,0
9.176,223.430766500865,129.478225000576,0
9.184,223.43756819005,129.465055135227,0
9.192,223.445642969419,129.449313316232,0
9.2,223.454972868654,129.430977325968,0
9.208,223.465526773068,129.410042820015,0
9.216,223.477284012402,129.38647321887,0
9.224,223.490210850256,129.360249513062,0
9.232,223.504274517887,129.331339507162,0
9.24,223.519431009709,129.299726794655,0
9.248,223.53563778292,129.265380643213,0
9.256,223.552850082137,129.228262977366,0
9.264,223.571015641188,129.18834284898,0
9.272,223.590077341597,129.145590671555,0
9.28,223.609977367227,129.099963873265,0
9.288,223.630650501377,129.051428437447,0
9.296,223.6520285106,128.999943959997,0
9.304,223.674037780178,128.945472281571,0
9.312,223.696600545431,128.887971779238,0
9.32,223.719633849261,128.827401927119,0
9.328,223.74304994407,128.763720282646,0
9.336,223.766755866686,128.696883666988,0
9.344,223.790652954821,128.626856760899,0
9.352,223.814637860334,128.55359328343,0
9.36,223.838601358716,128.477057422314,0
9.368,223.86242853562,128.397206579728,0
9.376,223.885999249649,128.314009406006,0
9.384,223.909186613162,128.227425031361,0
9.392,223.931858721866,128.13742451506,0
9.4,223.953876562084,128.043974486092,0
9.408,223.975096805954,127.947053545228,0
9.416,223.995367277731,127.846632689447,0
9.424,224.014532005863,127.74269683612,0
9.432,224.032427078342,127.635229888746,0
9.44,224.048882972278,127.524223358571,0
9.448,224.063723941907,127.409674645804,0
9.456,224.076767630154,127.291586838406,0
9.464,224.087825093552,127.169969641121,0
9.472,224.096702060494,127.044841966909,0
9.48,224.103197060739,126.916229355314,0
9.488,224.107104255775,126.784168657602,0
9.496,224.108209019812,126.648702771236,0
9.504,224.106294990138,126.509889853533,0
9.512,224.101136640952,126.367795127725,0
9.52,224.09250730085,126.222499884039,0
9.528,224.080173172499,126.07409586059,0
9.536,224.063897456053,125.9226896147,0
9.544,224.043437747035,125.768401020728,0
9.552,224.018549235139,125.611366221378,0
9.56,223.988985431733,125.451738254732,0
9.568,223.95449885988,125.289687638674,0
9.576,223.914836793055,125.125401096517,0
9.584,223.869751774298,124.959086654206,0
9.592,223.818989565063,124.790969497943,0
9.6,223.76230422019,124.621297749411,0
9.608,223.699449900745,124.450339985331,0
9.616,223.630184652511,124.278386959279,0
9.624,223.554269399198,124.105752191999,0
9.632,223.47147450363,123.932773212878,0
9.64,223.381579931163,123.75981147688,0
9.648,223.284368091387,123.587253412418,0
9.656,223.179641312415,123.415510218543,0
9.664,223.067206704613,123.245019580547,0
9.672,222.946895695342,123.076243370952,0
9.68,222.818543622209,122.909672587681,0
9.688,222.682018951737,122.745820556349,0
9.696,222.537203217197,122.585228698315,0
9.704,222.384004592905,122.428462911139,0
9.712,222.222352613008,122.276116631102,0
9.72,222.052211882577,122.128804379765,0
9.728,221.873572765687,121.987167304945,0
9.736,221.686464985482,121.851865066135,0
9.744,221.490948302899,121.723583175359,0
9.752,221.287127952649,121.603021305601,0
9.76,221.075144087262,121.490903423737,0
9.768,220.855191358257,121.387958308666,0
9.776,220.627502899341,121.294937379763,0
9.784,220.392366005106,121.212597827083,0
9.792,220.150121671754,121.141702153891,0
9.8,219.901168378845,121.08301144225,0
9.808,219.645956376156,121.03729789563,0
9.816,219.385003376136,121.005314235541,0
9.824,219.118886720449,120.987808253355,0
9.832,218.848248710349,120.985510966177,0
9.84,218.57379693314,120.99913712559,0
9.848,218.296309758937,121.029358809573,0
9.856,218.016630791617,121.076832749291,0
9.864,217.73567538294,121.142156180949,0
9.872,217.454426819959,121.225887366425,0
9.88,217.173938004624,121.328531118067,0
9.888,216.895329628069,121.450519651754,0
9.896,216.619788458873,121.592214800645,0
9.904,216.348565221393,121.753897587139,0
9.912,216.08297127541,121.935758195625,0
9.92,215.824375657729,122.137889817884,0
9.928,215.574200764155,122.360278925423,0
9.936,215.333909974973,122.602783439742,0
9.944,215.105015099179,122.865152409722,0
9.952,214.889050556036,123.146983317828,0
9.96,214.687583894813,123.447745285009,0
9.968,214.502191176918,123.766748114882,0
9.976,214.335856734895,124.100075070381,0
9.984,214.191902241912,124.440404215432,0
9.992,214.070196383166,124.785721400649,0
10,213.970424575318,125.134237730655,0
10.008,213.892157271994,125.484254992239,0
10.016,213.834877447242,125.834172670027,0
10.024,213.797983846311,126.182490082544,0
10.032,213.780802409218,126.527808857482,0
10.04,213.782596424241,126.86883423112,0
10.048,213.802575769115,127.204375578747,0
10.056,213.839906734198,127.533345830992,0
10.064,213.893725793142,127.85475742515,0
10.072,213.963130432756,128.167729056164,0
10.08,214.047209186907,128.471472332921,0
10.088,214.145036217324,128.765294332427,0
10.096,214.255676226804,129.048596555665,0
10.104,214.378196307161,129.320867018181,0
10.112,214.511668994076,129.581677705546,0
10.12,214.655176906538,129.830680646293,0
10.128,214.807816634865,130.067604337429,0
10.136,214.968704092566,130.292247282508,0
10.144,215.136976610815,130.504475041701,0
10.152,215.311795232428,130.70421734292,0
10.16,215.492349307392,130.891459772021,0
10.168,215.677857190999,131.066241607391,0
10.176,215.867568104743,131.228651322426,0
10.184,216.060763576834,131.378822240081,0
10.192,216.256758994812,131.516925730022,0
10.2,216.45490277311,131.643174427957,0
10.208,216.654578534809,131.75781181619,0
10.216,216.855204792622,131.861110729527,0
10.224,217.056234994943,131.953366369593,0
10.232,217.257156921503,132.034898629825,0
10.24,217.457492861206,132.106048369196,0
10.248,217.656798641664,132.167168521318,0
10.256,217.854662969568,132.218625908958,0
10.264,218.050707399624,132.260801145998,0
10.272,218.244584453894,132.294080183475,0
10.28,218.435977239877,132.318855781441,0
10.288,218.624598028803,132.335523914177,0
10.296,218.810186562009,132.344480917494,0
10.304,218.992511922412,132.346128622412,0
10.312,219.171367280601,132.340862866523,0
10.32,219.346570160747,132.32907652518,0
10.328,219.517962114023,132.311159651584,0
10.336,219.685407764378,132.287498167251,0
10.344,219.848793291302,132.25847198204,0
10.352,220.008020805794,132.224449096792,0
10.36,220.163015320831,132.185794953237,0
10.368,220.313717793138,132.142864369963,0
10.376,220.460084445096,132.096002099432,0
10.384,220.60208712715,132.04554386026,0
10.392,220.739712750186,131.991816067315,0
10.4,220.872960297503,131.935134008388,0
10.408,221.001840448039,131.875802268622,0
10.416,221.126376381101,131.81411549323,0
10.424,221.246596518913,131.750355157428,0
10.432,221.362545196949,131.684795109028,0
10.44,221.474270265171,131.617696055679,0
10.448,221.581828649858,131.549308554681,0
10.456,221.685282477694,131.479872005118,0
10.464,221.784702096021,131.409615706556,0
10.472,221.880159272157,131.338757773307,0
10.48,221.971732113258,131.267506539741,0
10.488,222.059504514595,131.196060284624,0
10.496,222.143561071676,131.124607175512,0
10.504,222.223989671995,131.053325836893,0
10.512,222.300879585837,130.98238564047,0
10.52,222.37432378201,130.911946609229,0
10.528,222.44441184911,130.84216080025,0
10.536,222.511239821322,130.773170702362,0
10.544,222.574900331704,130.705111353605,0
10.552,222.635488159792,130.638109227892,0
10.56,222.693092345059,130.572285343734,0
10.568,222.747809069479,130.507750357055,0
10.576,222.799728436641,130.444609940809,0
10.584,222.848940693021,130.382962473393,0
10.592,222.895533459098,130.322900608206,0
10.6,222.939593206804,130.264510643939,0
10.608,222.981204676398,130.207872904592,0
10.616,223.020450772591,130.153061883788,0
10.624,223.05741124313,130.100147416083,0
10.632,223.092164322798,130.049193457143,0
10.64,223.124781517029,130.000263151734,0
10.648,223.155338154321,129.95340887547,0
10.656,223.183902191903,129.908682981502,0
10.664,223.210540103393,129.86613222739,0
10.672,223.235313346798,129.825801818224,0
10.68,223.258283338812,129.787729549779,0
10.688,223.27950458382,129.751954356612,0
10.696,223.299030866665,129.718508614905,0
10.704,223.316912467979,129.687421575621,0
10.712,223.333194607306,129.658721900579,0
10.72,223.347919496963,129.632434871337,0
10.728,223.361127544078,129.608580311229,0
10.736,223.372852572352,129.587180364492,0
10.744,223.383126773951,129.56825159673,0
10.752,223.39197834236,129.55180881471,0
10.76,223.399433357597,129.537861769607,0
10.768,223.405508531449,129.526428391921,0
10.776,223.410223696619,129.517512177416,0
10.784,223.41358992861,129.51112387037,0
10.792,223.415621448863,129.507259274508,0
10.8,223.416320821657,129.505927217237,0
10.808,223.416958843593,129.504711270775,0
10.816,223.418917954145,129.500973247815,0
10.824,223.42220149331,129.494693407975,0
10.832,223.426798238342,129.485870806213,0
10.84,223.432696272845,129.474496822405,0
10.848,223.439887267054,129.460546097824,0
10.856,223.448341492447,129.444026859696,0
10.864,223.458048066203,129.424899318747,0
10.872,223.468973993769,129.403159481232,0
10.88,223.481090909954,129.378784204481,0
10.888,223.494367222685,129.351746717606,0
10.896,223.508765039878,129.322023945759,0
10.904,223.524246581056,129.289580904331,0
10.912,223.540763979137,129.254396297076,0
10.92,223.558271273602,129.216431511047,0
10.928,223.576715646077,129.175653137226,0
10.936,223.59603879208,129.132030687223,0
10.944,223.616180366055,129.085525330201,0
10.952,223.637075117244,129.03609809006,0
10.96,223.658652773901,128.983710779132,0
10.968,223.680838918054,128.928321925793,0
10.976,223.703553414939,128.869894644996,0
10.984,223.726712759867,128.808382150816,0
10.992,223.750226907941,128.743747258692,0
11,223.774001598663,128.675944528788,0
11.008,223.797936570126,128.604938840403,0
11.016,223.821926761408,128.530685747126,0
11.024,223.845861204467,128.453145378782,0
11.032,223.86962348048,128.372282352351,0
11.04,223.893091166811,128.288057987393,0
11.048,223.916136228115,128.200439331765,0
11.056,223.938624486627,128.109394032839,0
11.064,223.960415826506,128.014893474998,0
11.072,223.981363363684,127.9169099624,0
11.08,224.00131477384,127.815423092335,0
11.088,224.020111381438,127.710415915275,0
11.096,224.037587574404,127.601874613465,0
11.104,224.053571658826,127.489791783204,0
11.112,224.067885929448,127.374166725734,0
11.12,224.080346296332,127.255005014327,0
11.128,224.090762202955,127.132319063473,0
11.136,224.098937489082,127.006130072351,0
11.144,224.104667338337,126.876464219938,0
11.152,224.107745259298,126.743363007569,0
11.16,224.107956217259,126.606873946879,0
11.168,224.105080128935,126.467056091149,0
11.176,224.098892668415,126.323981035003,0
11.184,224.089162118923,126.177730474018,0
11.192,224.075656643439,126.028403102794,0
11.2,224.058133956759,125.876106617076,0
11.208,224.036354460994,125.720968404766,0
11.216,224.010072953389,125.563129506252,0
11.224,223.979038778125,125.402746126131,0
11.232,223.943005920746,125.239995291579,0
11.24,223.90172232233,125.075069739913,0
11.248,223.854939223487,124.908182799159,0
11.256,223.802403526724,124.73956617342,0
11.264,223.743869530516,124.569474226897,0
11.272,223.679092655629,124.398182246857,0
11.28,223.607831424179,124.225987771424,0
11.288,223.529849168916,124.053211597613,0
11.296,223.444920413434,123.880198533443,0
11.304,223.352825189568,123.707317382163,0
11.312,223.253349646053,123.534962345922,0
11.32,223.146301222199,123.363552138041,0
11.328,223.031489884606,123.193532535152,0
11.336,222.908750641277,123.025373711627,0
11.344,222.777931617309,122.859572515983,0
11.352,222.638898484957,122.696652808754,0
11.36,222.491544026308,122.537162494609,0
11.368,222.335780498119,122.3816769478,0
11.376,222.171551891672,122.230794100653,0
11.384,221.998828417675,122.085137461129,0
11.392,221.817613032883,121.945353267355,0
11.4,221.627940960094,121.812111644973,0
11.408,221.429888463325,121.686100466594,0
11.416,221.223570706979,121.568027033747,0
11.424,221.0091427512,121.458618723183,0
11.432,220.786811456088,121.358610561921,0
11.44,220.556827009327,121.268754918564,0
11.448,220.319492376694,121.189811239473,0
11.456,220.075166104898,121.122541197457,0
11.464,219.824258806269,121.067715936558,0
11.472,219.567245852302,121.026092878533,0
11.48,219.304659892744,120.998429768079,0
11.488,219.03709807634,120.985469935301,0
11.496,218.765223268911,120.987936956129,0
11.504,218.489764337591,121.006533322749,0
11.512,218.211518310987,121.041932413178,0
11.52,217.931351755844,121.094766927992,0
11.528,217.650200057703,121.165626362491,0
11.536,217.369067861303,121.255055731284,0
11.544,217.089028886629,121.363534895779,0
11.552,216.811223963261,121.491476220511,0
11.56,216.536859607204,121.639218589361,0
11.568,216.267205323692,121.80701630626,0
11.576,216.00359004066,121.995030029754,0
11.584,215.747401739806,122.203327058841,0
11.592,215.500072392366,122.431846550264,0
11.6,215.263084599789,122.68042289581,0
11.608,215.037952335641,122.948749977623,0
11.616,214.826228957159,123.236399696737,0
11.624,214.629477944655,123.542782598827,0
11.632,214.449318989065,123.867094344414,0
11.64,214.289745895827,124.20284784755,0
11.648,214.15258104825,124.544887727711,0
11.656,214.037576113955,124.891361805059,0
11.664,213.944388937261,125.240509538242,0
11.672,213.872558043619,125.590661368712,0
11.68,213.821539906616,125.940246896085,0
11.688,213.790710324322,126.287796358731,0
11.696,213.779375424725,126.631942722484,0
11.704,213.786781512437,126.97142273566,0
11.712,213.812124095795,127.30507729181,0
11.72,213.85455628958,127.631851299585,0
11.728,213.913208150977,127.950786677166,0
11.736,213.987169261198,128.261032853117,0
11.744,214.075524030222,128.56183031208,0
11.752,214.177343121753,128.852515124498,0
11.76,214.291689574618,129.132517282996,0
11.768,214.417636740002,129.401345846717,0
11.776,214.55425483269,129.658602304555,0
11.784,214.700632255692,129.9039603402,0
11.792,214.855870259387,130.137171337895,0
11.8,215.019091708019,130.358053600641,0
11.808,215.189441474853,130.566491218077,0
11.816,215.366087740821,130.762433433141,0
11.824,215.548228592332,130.945882472943,0
11.832,215.735091675228,131.116892912304,0
11.84,215.925935945349,131.275567195488,0
11.848,216.120052998209,131.422051351792,0
11.856,216.316768051574,131.556530896286,0
11.864,216.515440793827,131.679225543245,0
11.872,216.715465446359,131.790386087994,0
11.88,216.91627070252,131.890296000772,0
11.888,217.117320607308,131.979260813694,0
11.896,217.318113376508,132.057599806816,0
11.904,217.518181826673,132.125664751177,0
11.912,217.717091518547,132.183808712652,0
11.92,217.914441464351,132.232405295394,0
11.928,218.109862649381,132.27183617365,0
11.936,218.303016978108,132.302489601568,0
11.944,218.493596692331,132.324759982664,0
11.952,218.681322056008,132.339042245434,0
11.96,218.865942698176,132.345736867927,0
11.968,219.047233779325,132.345240859879,0
11.976,219.224997125344,132.337951794381,0
11.984,219.399057759413,132.32426177344,0
11.992,219.569264423535,132.30455963762,0
12,219.735488649469,132.27922973332,0
12.008,219.897618452306,132.248644496146,0
12.016,220.055567487366,132.213176896402,0
12.024,220.20926338872,132.173186309619,0
12.032,220.358651848997,132.129024630501,0
12.04,220.503695716663,132.081035436238,0
12.048,220.644368721565,132.029549327561,0
12.056,220.780663847015,131.974891182002,0
12.064,220.912582595203,131.917372214225,0
12.072,221.040139513373,131.857294074075,0
12.08,221.163361018355,131.794948131213,0
12.088,221.282278337203,131.730612568263,0
12.096,221.396937902541,131.664557666913,0
12.104,221.507390820112,131.597041185659,0
12.112,221.613695349607,131.528310119627,0
12.12,221.715914915559,131.458600564317,0
12.128,221.81412147694,131.388138693163,0
12.136,221.908390187055,131.317139783962,0
12.144,221.9988009809,131.245808917466,0
12.152,222.085434595489,131.174341100903,0
12.16,222.168380048592,131.102921691058,0
12.168,222.247723771642,131.031726497298,0
12.176,222.323556179415,130.960922151072,0
12.184,222.395971328334,130.890665852267,0
12.192,222.465058669948,130.821107135417,0
12.2,222.530914238565,130.7523859678,0
12.208,222.593631356242,130.684634749336,0
12.216,222.653301906235,130.617978664617,0
12.224,222.710021138944,130.552533941405,0
12.232,222.763877994097,130.488411954999,0
12.24,222.814965296002,130.425715020945,0
12.248,222.863370896961,130.36454070914,0
12.256,222.909185160425,130.304977871879,0
12.264,222.952491982948,130.247112200139,0
12.272,222.993376747602,130.191021360921,0
12.28,223.031919876335,130.136779562827,0
12.288,223.068200792342,130.084454863193,0
12.296,223.102297776885,130.034109001199,0
12.304,223.134281160487,129.985804058422,0
12.312,223.164225180521,129.939591253506,0
12.32,223.192197038898,129.895521555929,0
12.328,223.218262910076,129.853639749921,0
12.336,223.242480832793,129.813992945718,0
12.344,223.264913265788,129.776615458258,0
12.352,223.285614534998,129.741544045173,0
12.36,223.304636886532,129.708810649351,0
12.368,223.322027591576,129.678446477455,0
12.376,223.337832777574,129.650476487186,0
12.384,223.352091585547,129.624928284616,0
12.392,223.364845924061,129.601816787003,0
12.4,223.376126420163,129.581166841953,0
12.408,223.385966584526,129.562990147184,0
12.416,223.394391136697,129.547304887791,0
12.424,223.401423076197,129.534123825622,0
12.432,223.407083757305,129.523453810807,0
12.44,223.411390688682,129.515299702624,0
12.448,223.414348376959,129.509681882314,0
12.456,223.415972251217,129.506591220816,0
12.464,223.41637595986,129.505822162463,0
12.472,223.417413556504,129.503844253797,0
12.48,223.419775486034,129.499334995031,0
12.488,223.423459787544,129.492281977867,0
12.496,223.428454132857,129.482683616806,0
12.504,223.434745424591,129.470530799255,0
12.512,223.442322159744,129.455801664648,0
12.52,223.451165529161,129.438479034404,0
12.528,223.461239230225,129.418573032197,0
12.536,223.472530858351,129.396033604566,0
12.544,223.485003235828,129.370853178455,0
12.552,223.498623709101,129.343004282807,0
12.56,223.513356798526,129.312454384614,0
12.568,223.529157841908,129.279181866783,0
12.576,223.545981339938,129.24315598885,0
12.584,223.56377946694,129.204338909065,0
12.592,223.582496406495,129.162702216589,0
12.6,223.602074986648,129.118207517871,0
12.608,223.622452728927,129.07081782005,0
12.616,223.643562468531,129.020496007888,0
12.624,223.665333149603,128.967201069691,0
12.632,223.687688729555,128.910891840038,0
12.64,223.710547596103,128.851531257047,0
12.648,223.73382444337,128.789074212618,0
12.656,223.757427958186,128.723481800475,0
12.664,223.781262171285,128.654709588109,0
12.672,223.805225311136,128.582720692524,0
12.68,223.829210521412,128.50747291899,0
12.688,223.853105244073,128.428927717861,0
12.696,223.876791244513,128.347047457587,0
12.704,223.900144558369,128.261796802927,0
12.712,223.923034895452,128.1731397962,0
12.72,223.94532619914,128.081045864921,0
12.728,223.966876982245,127.985489806955,0
12.736,223.987538153231,127.886443516371,0
12.744,224.00715576542,127.783888690784,0
12.752,224.025568954549,127.677808858817,0
12.76,224.042610326345,127.568192251497,0
12.768,224.058106271457,127.455033205829,0
12.776,224.07187688575,127.338332395174,0
12.784,224.083736484968,127.218098166311,0
12.792,224.093492941938,127.09434569699,0
12.8,224.100945984608,126.967095411036,0
12.808,224.105893858448,126.836383158978,0
12.816,224.108123070009,126.702246241709,0
12.824,224.107419591231,126.564738953068,0
12.832,224.103561597961,126.423923516491,0
12.84,224.096320861712,126.2798730101,0
12.848,224.085469522065,126.132677754298,0
12.856,224.070767075544,125.982434511073,0
12.864,224.051976980844,125.829260836289,0
12.872,224.028855387941,125.673286266922,0
12.88,224.001156475345,125.514656987586,0
12.888,223.968630614125,125.353535269725,0
12.896,223.931028326791,125.190102086811,0
12.904,223.888099927416,125.02455709856,0
12.912,223.839595618154,124.857119131592,0
12.92,223.785263727757,124.688026489017,0
12.928,223.72485852278,124.517539758189,0
12.936,223.658136706873,124.345941008569,0
12.944,223.584856832591,124.173534650563,0
12.952,223.504787851061,124.000648981128,0
12.96,223.417705143033,123.827635836812,0
12.968,223.323387787635,123.65487178123,0
12.976,223.221632616833,123.482758237071,0
12.984,223.112242975579,123.311722518975,0
12.992,222.995042071062,123.142216820113,0
13,222.869860638759,122.97472124808,0
13.008,222.736558625243,122.809739157864,0
13.016,222.595007656765,122.647802287585,0
13.024,222.445105706583,122.489467074121,0
13.032,222.286776176344,122.335314953459,0
13.04,222.119968307639,122.185952912694,0
13.048,221.94466154868,122.042012016967,0
13.056,221.760872293675,121.904143080536,0
13.064,221.568643079683,121.773025530108,0
13.072,221.36806526811,121.649350457843,0
13.08,221.159264205736,121.533832866942,0
13.088,220.942411693901,121.427201432474,0
13.096,220.717725410987,121.330199089588,0
13.104,220.485473180182,121.243578383835,0
13.112,220.245974475748,121.168099710227,0
13.12,219.99960098843,121.104532139414,0
13.128,219.746787219802,121.053634787199,0
13.136,219.48802105483,121.016175009387,0
13.144,219.223857066288,120.992901299705,0
13.152,218.95491147739,120.984553483817,0
13.16,218.681866777811,120.991851060927,0
13.168,218.405473810298,121.015481644723,0
13.176,218.126549237216,121.05611482771,0
13.184,217.84598130492,121.114364905759,0
13.192,217.56472603371,121.190812803786,0
13.2,217.283809413148,121.285983676807,0
13.208,217.004325536803,121.400335572738,0
13.216,216.72743543512,121.534261041671,0
13.224,216.454365069514,121.688074133641,0
13.232,216.186402383331,121.86200159006,0
13.24,215.924895506726,122.056179030238,0
13.248,215.671245023768,122.270631198545,0
13.256,215.426898026185,122.505265986935,0
13.264,215.193352084758,122.759884195986,0
13.272,214.972130006395,123.034136289693,0
13.28,214.764789364995,123.327546312143,0
13.288,214.572900579183,123.639483190984,0
13.296,214.398450267784,123.968335758887,0
13.304,214.245704736039,124.306200503794,0
13.312,214.115307107494,124.649780098679,0
13.32,214.006973261651,124.997248685999,0
13.328,213.920324987219,125.346873419857,0
13.336,213.854879927898,125.697014843823,0
13.344,213.810065681054,126.046132589057,0
13.352,213.785236066271,126.392787948756,0
13.36,213.779678268597,126.735645282862,0
13.368,213.792622406452,127.073472855806,0
13.376,213.823250363926,127.405143045906,0
13.384,213.870704043124,127.729632099555,0
13.392,213.934104402507,128.046012837358,0
13.4,214.012537101196,128.353463588775,0
13.408,214.105081748447,128.651254157822,0
13.416,214.210806078869,128.938749458975,0
13.424,214.328776277974,129.215403557267,0
13.432,214.458061767372,129.480756349821,0
13.44,214.59774240186,129.734426879324,0
13.448,214.746906223038,129.976117115825,0
13.456,214.904662921737,130.2055963207,0
13.464,215.070139074535,130.42270741062,0
13.472,215.242487203522,130.627354010672,0
13.48,215.420886760998,130.81949709575,0
13.488,215.604543093504,130.999157904355,0
13.496,215.792693009459,131.166406450012,0
13.504,215.984605302341,131.321358761267,0
13.512,216.179581711335,131.464173200569,0
13.52,216.376957815293,131.595046420286,0
13.528,216.576103645132,131.714209497187,0
13.536,216.776424167364,131.821922139772,0
13.544,216.977358927359,131.918471062702,0
13.552,217.178382201588,132.004172284063,0
13.56,217.379002721979,132.079352261819,0
13.568,217.578763626263,132.144365344797,0
13.576,217.777240180015,132.199567468079,0
13.584,217.974041658691,132.245338348458,0
13.592,218.16880839191,132.282060748748,0
13.6,218.361211590947,132.310125010377,0
13.608,218.550952557698,132.32992700411,0
13.616,218.737759321794,132.341860256773,0
13.624,218.921391570313,132.346329575174,0
13.632,219.101630153484,132.343726695033,0
13.64,219.27828560418,132.334450949243,0
13.648,219.451190348528,132.31889352488,0
13.656,219.620200221594,132.297441921889,0
13.664,219.785189471605,132.270473702294,0
13.672,219.946058916477,132.238367955066,0
13.68,220.102722550429,132.201488403019,0
13.688,220.255114832088,132.160193742124,0
13.696,220.403185455897,132.114832271784,0
13.704,220.546902547653,132.065745357113,0
13.712,220.686246231868,132.013262145058,0
13.72,220.821210900314,131.957702295253,0
13.728,220.951802088306,131.899374202244,0
13.736,221.078038140831,131.838576531978,0
13.744,221.199947809113,131.775596977578,0
13.752,221.317567275781,131.710711406003,0
13.76,221.430942772844,131.644185554101,0
13.768,221.540128669932,131.576274337799,0
13.776,221.645183544356,131.507221109983,0
13.784,221.746177297573,131.437259815922,0
13.792,221.843179825109,131.366612518192,0
13.8,221.936266845599,131.295491399283,0
13.808,222.02552002384,131.224098686342,0
13.816,222.111024893308,131.152626433553,0
13.824,222.192866590051,131.081256949997,0
13.832,222.271133824985,131.01016327127,0
13.84,222.345917132134,130.939509342357,0
13.848,222.417311895474,130.869449499742,0
13.856,222.485407168929,130.800130830961,0
13.864,222.550299208813,130.731690737667,0
13.872,222.612081128763,130.664259281498,0
13.88,222.670843897891,130.597959721094,0
13.888,222.726682944242,130.532905974166,0
13.896,222.779688918659,130.469206352851,0
13.904,222.829952179886,130.406962079497,0
13.912,222.877562719147,130.346267228123,0
13.92,222.922605191083,130.287211997888,0
13.928,222.96516839958,130.22987673585,0
13.936,223.005333216779,130.174340093883,0
13.944,223.043180647874,130.120673819844,0
13.952,223.078788862501,130.068944922724,0
13.96,223.112236097935,130.01921302717,0
13.968,223.143592468682,129.971538219204,0
13.976,223.172930159005,129.925971509929,0
13.984,223.200316028038,129.882562050808,0
13.992,223.225813691389,129.84135537959,0
14,223.249484344797,129.802392509423,0
14.008,223.271384944937,129.765712219432,0
14.016,223.291570406781,129.731348348792,0
14.024,223.310090811542,129.699333592979,0
14.032,223.326994799301,129.669694799461,0
14.04,223.342326235161,129.642457763785,0
14.048,223.356124929289,129.617646463399,0
14.056,223.368428184737,129.595280655713,0
14.064,223.37926713819,129.575381987372,0
14.072,223.388675312327,129.557959446249,0
14.08,223.396673924071,129.543034787625,0
14.088,223.403288834269,129.53061293905,0
14.096,223.408536360777,129.520707179601,0
14.104,223.41243241537,129.513322751314,0
14.112,223.414983683364,129.508473264378,0
14.12,223.416203289374,129.506151132298,0
14.128,223.416552060537,129.505486601818,0
14.136,223.417990619291,129.502743442126,0
14.144,223.420754847703,129.497462455485,0
14.152,223.424839087743,129.489635507171,0
14.16,223.430230010485,129.479260162134,0
14.168,223.436913334306,129.466326808934,0
14.176,223.44487549364,129.45081483966,0
14.184,223.454092057335,129.432716048557,0
14.192,223.46454329988,129.41200268608,0
14.2,223.476197587676,129.388662071531,0
14.208,223.489022669146,129.362673273731,0
14.216,223.502986179666,129.334004646761,0
14.224,223.518047676399,129.302632183988,0
14.232,223.534163670301,129.26852827965,0
14.24,223.551288743916,129.23165790538,0
14.248,223.569372391393,129.191986347689,0
14.256,223.588357087794,129.149486344418,0
14.264,223.608185514883,129.104115205647,0
14.272,223.628792975044,129.055838539388,0
14.28,223.65011152821,129.004616464731,0
14.288,223.67206807533,128.950410403138,0
14.296,223.694584986437,128.893180477826,0
14.304,223.717580394102,128.832881956356,0
14.312,223.740966310809,128.769476881387,0
14.32,223.764650334185,128.702922829689,0
14.328,223.788534685083,128.633177871893,0
14.336,223.812516111993,128.560202476485,0
14.344,223.836485995612,128.483957102856,0
14.352,223.860330142842,128.404403409881,0
14.36,223.883928285342,128.321500939288,0
14.368,223.907154785941,128.235217724632,0
14.376,223.929877862712,128.145520362733,0
14.384,223.951959873211,128.052379280986,0
14.392,223.973255907522,127.955763374323,0
14.4,223.993616752443,127.855653504662,0
14.408,224.012885641482,127.752028935707,0
14.416,224.030899949583,127.644875328864,0
14.424,224.047490413574,127.534182735662,0
14.432,224.062481735548,127.419947763169,0
14.44,224.075691587206,127.302172022127,0
14.448,224.086932843412,127.180866922677,0
14.456,224.096010208944,127.056048030237,0
14.464,224.102723935157,126.927742057003,0
14.472,224.106867576569,126.795983529603,0
14.48,224.108229255148,126.660817184536,0
14.488,224.106590650843,126.522297293634,0
14.496,224.101729026395,126.380490481192,0
14.504,224.093417103506,126.235475733376,0
14.512,224.081419229135,126.087341812613,0
14.52,224.065500936655,125.936195856262,0
14.528,224.045420759336,125.782156777134,0
14.536,224.020934132613,125.625359167566,0
14.544,223.991794723909,125.465954446532,0
14.552,223.957753880628,125.30411090777,0
14.56,223.918558996705,125.140013775849,0
14.568,223.873962570551,124.973869497422,0
14.576,223.823713988952,124.80590256519,0
14.584,223.767563284782,124.636357951718,0
14.592,223.705264199189,124.465502432551,0
14.6,223.636573905058,124.293624879894,0
14.608,223.561255636952,124.121037140411,0
14.616,223.479079260778,123.948074432041,0
14.624,223.389821530003,123.775095954251,0
14.632,223.293264285452,123.60248602321,0
14.64,223.189211006853,123.430653375954,0
14.648,223.077464343936,123.260033827879,0
14.656,222.957855337374,123.09108699757,0
14.664,222.830221846283,122.924300313142,0
14.672,222.694424468888,122.760186585161,0
14.68,222.550346337358,122.599283822398,0
14.688,222.397891238446,122.442156644666,0
14.696,222.236989620747,122.289394592583,0
14.704,222.067600273722,122.141611746921,0
14.712,221.889711662113,121.99944675213,0
14.72,221.703350898194,121.863557016543,0
14.728,221.508574079863,121.734626459309,0
14.736,221.305482735463,121.613353281351,0
14.744,221.094214144316,121.500458927856,0
14.752,220.874957641676,121.396672263733,0
14.76,220.647941388108,121.302744765049,0
14.768,220.413451290711,121.219428386808,0
14.776,220.171820055908,121.147490293521,0
14.784,219.92344196428,121.087690732866,0
14.792,219.668763671578,121.040798792328,0
14.8,219.40829620476,121.007570271144,0
14.808,219.142611133255,120.988754727936,0
14.816,218.872345285624,120.985084115005,0
14.824,218.598200990388,120.99727177468,0
14.832,218.320948755182,121.026002239106,0
14.84,218.041428024738,121.071923253035,0
14.848,217.760546890537,121.135642919035,0
14.856,217.479282844681,121.217729704645,0
14.864,217.198682760427,121.318682504857,0
14.872,216.919861149697,121.438943463705,0
14.88,216.643999032171,121.578882123623,0
14.888,216.372341531461,121.738786882151,0
14.896,216.106195508235,121.918858574521,0
14.904,215.846925799365,122.119200094314,0
14.912,215.595946422881,122.339798411678,0
14.92,215.354722943268,122.58053556215,0
14.928,215.124755853493,122.841157242388,0
14.936,214.907588812734,123.121291787133,0
14.944,214.704776182295,123.4204043041,0
14.952,214.517896057321,123.737823387717,0
